EMPLOYEE_ID,FIRST_NAME,LAST_NAME,EMAIL,PHONE_NUMBER,HIRE_DATE,JOB_ID,SALARY,COMMISSION_PCT,MANAGER_ID,DEPARTMENT_ID
121,Adam,Fripp,AFRIPP,650.123.2234,10-APR-05,ST_MAN,8200, - ,100,50
122,Payam,Kaufling,PKAUFLIN,650.123.3234,01-MAY-03,ST_MAN,7900, - ,100,50
123,Shanta,Vollman,SVOLLMAN,650.123.4234,10-OCT-05,ST_MAN,6500, - ,100,50
124,Kevin,Mourgos,KMOURGOS,650.123.5234,16-NOV-07,ST_MAN,5800, - ,100,50
125,Julia,Nayer,JNAYER,650.124.1214,16-JUL-05,ST_CLERK,3200, - ,120,50
126,Irene,Mikkilineni,IMIKKILI,650.124.1224,28-SEP-06,ST_CLERK,2700, - ,120,50
127,James,Landry,JLANDRY,650.124.1334,14-JAN-07,ST_CLERK,2400, - ,120,50
128,Steven,Markle,SMARKLE,650.124.1434,08-MAR-08,ST_CLERK,2200, - ,120,50
129,Laura,Bissot,LBISSOT,650.124.5234,20-AUG-05,ST_CLERK,3300, - ,121,50
130,Mozhe,Atkinson,MATKINSO,650.124.6234,30-OCT-05,ST_CLERK,2800, - ,121,50